{"cameraMode":{"drawMode":0,"name":"Shaded","section":"Shading Mode"},"sceneLighting":true,"audioPlay":false,"sceneViewState":{"showFog":true,"showMaterialUpdate":false,"showSkybox":true,"showFlares":true,"showImageEffects":true,"showParticleSystems":true,"showVisualEffectGraphs":true,"m_FxEnabled":true},"in2DMode":false,"pivot":{"x":0.3025188446044922,"y":-0.7186458110809326,"z":0.46578311920166018},"rotation":{"x":0.06662677973508835,"y":0.9309020638465881,"z":-0.21630513668060304,"w":0.28673815727233889},"size":2.4066224098205568,"orthographic":false}